{
  "project_info": {
    "project_number": "194183746818",
    "project_id": "ems-app-9caed",
    "storage_bucket": "ems-app-9caed.appspot.com"
  },
  "client": [
    {
      "client_info": {
        "mobilesdk_app_id": "1:194183746818:android:5ae4b436b6a9f737261e1b",
        "android_client_info": {
          "package_name": "com.dotcoder.ems"
        }
      },
      "oauth_client": [
        {
          "client_id": "194183746818-trggqcoo07s275pbld37staldmbag78k.apps.googleusercontent.com",
          "client_type": 1,
          "android_info": {
            "package_name": "com.dotcoder.ems",
            "certificate_hash": "cb093d7cd141cc1dffa27f0127c2014734239793"
          }
        },
        {
          "client_id": "194183746818-cgbmsgevlr34pe4q292jgtmtmh2v0afa.apps.googleusercontent.com",
          "client_type": 3
        }
      ],
      "api_key": [
        {
          "current_key": "AIzaSyCH7dlVZuPLbDuBM-_vAb1atT6QYeA44pA"
        }
      ],
      "services": {
        "appinvite_service": {
          "other_platform_oauth_client": [
            {
              "client_id": "194183746818-cgbmsgevlr34pe4q292jgtmtmh2v0afa.apps.googleusercontent.com",
              "client_type": 3
            },
            {
              "client_id": "194183746818-fmrfjodlccgrej44phqdetrvqik7lj0d.apps.googleusercontent.com",
              "client_type": 2,
              "ios_info": {
                "bundle_id": "com.dotcoder.ems"
              }
            }
          ]
        }
      }
    }
  ],
  "configuration_version": "1"
}